{
  "Negative": {
    "precision": 0.7816091954022989,
    "recall": 0.6732673267326733,
    "f1-score": 0.723404255319149,
    "support": 101.0
  },
  "Neutral": {
    "precision": 0.954253037884203,
    "recall": 0.9563037249283668,
    "f1-score": 0.9552772808586762,
    "support": 1396.0
  },
  "Positive": {
    "precision": 0.896887159533074,
    "recall": 0.9165009940357853,
    "f1-score": 0.9065880039331367,
    "support": 503.0
  },
  "accuracy": 0.932,
  "macro avg": {
    "precision": 0.8775831309398586,
    "recall": 0.8486906818989418,
    "f1-score": 0.8617565133703207,
    "support": 2000.0
  },
  "weighted avg": {
    "precision": 0.9311070054335577,
    "recall": 0.932,
    "f1-score": 0.9313223399221568,
    "support": 2000.0
  }
}